<?xml version="1.0" encoding="UTF-8"?>

<mesquite>
  <simplicitySettings>
    <version>1</version>
    <name>Minimal Interface</name>
    <hiddenPackages>
      <package>
        <name>mesquite.align</name>
      </package>
      <package>
        <name>mesquite.ancstates</name>
      </package>
      <package>
        <name>mesquite.assoc</name>
      </package>
      <package>
        <name>mesquite.batchArch</name>
      </package>
      <package>
        <name>mesquite.categ</name>
      </package>
      <package>
        <name>mesquite.charts</name>
      </package>
      <package>
        <name>mesquite.coalesce</name>
      </package>
      <package>
        <name>mesquite.consensus</name>
      </package>
      <package>
        <name>mesquite.basic.TruncTaxonNames</name>
      </package>
      <package>
        <name>mesquite.basic.TextWindowMaker</name>
      </package>
      <package>
        <name>mesquite.basic.TaxaSelCoordinator</name>
      </package>
      <package>
        <name>mesquite.basic.RemoveFromTaxonNames</name>
      </package>
      <package>
        <name>mesquite.basic.ReplaceInTaxonNames</name>
      </package>
      <package>
        <name>mesquite.basic.SearchNameTaxonSelector</name>
      </package>
      <package>
        <name>mesquite.basic.ShowText</name>
      </package>
      <package>
        <name>mesquite.basic.StoredTaxonPairs</name>
      </package>
      <package>
        <name>mesquite.basic.SuffixTaxonNames</name>
      </package>
      <package>
        <name>mesquite.basic.RawNexusBlockEditor</name>
      </package>
      <package>
        <name>mesquite.basic.NextProject</name>
      </package>
      <package>
        <name>mesquite.basic.MergeTaxa</name>
      </package>
      <package>
        <name>mesquite.basic.ManageTaxaSets</name>
      </package>
      <package>
        <name>mesquite.basic.ManageTaxaPartitions</name>
      </package>
      <package>
        <name>mesquite.basic.AddToTaxonNames</name>
      </package>
      <package>
        <name>mesquite.basic.AssignTaxonNames</name>
      </package>
      <package>
        <name>mesquite.basic.AuthorDefaults</name>
      </package>
      <package>
        <name>mesquite.basic.BasicParametersExplorer</name>
      </package>
      <package>
        <name>mesquite.basic.CondenseTaxonNames</name>
      </package>
      <package>
        <name>mesquite.basic.CurrentTaxaPartition</name>
      </package>
      <package>
        <name>mesquite.basic.ManageArchivedTaxonNames</name>
      </package>
      <package>
        <name>mesquite.basic.GoToWebPage</name>
      </package>
      <package>
        <name>mesquite.basic.ExamplesNavigator</name>
      </package>
      <package>
        <name>mesquite.basic.ManageAuthors</name>
      </package>
      <package>
        <name>mesquite.basic.ManageFileComments</name>
      </package>
      <package>
        <name>mesquite.basic.ManageLabelsBlock</name>
      </package>
      <package>
        <name>mesquite.basic.ManageNotesBlock</name>
      </package>
      <package>
        <name>mesquite.basic.ManageSetsBlock</name>
      </package>
      <package>
        <name>mesquite.cont</name>
      </package>
      <package>
        <name>mesquite.correl</name>
      </package>
      <package>
        <name>mesquite.distance</name>
      </package>
      <package>
        <name>mesquite.diverse</name>
      </package>
      <package>
        <name>mesquite.meristic</name>
      </package>
      <package>
        <name>mesquite.mb</name>
      </package>
      <package>
        <name>mesquite.lists</name>
      </package>
      <package>
        <name>mesquite.io</name>
      </package>
      <package>
        <name>mesquite.genesis</name>
      </package>
      <package>
        <name>mesquite.dmanager</name>
      </package>
      <package>
        <name>mesquite.treefarm</name>
      </package>
      <package>
        <name>mesquite.tol</name>
      </package>
      <package>
        <name>mesquite.stochchar</name>
      </package>
      <package>
        <name>mesquite.search</name>
      </package>
      <package>
        <name>mesquite.rhetenor</name>
      </package>
      <package>
        <name>mesquite.parsimony</name>
      </package>
      <package>
        <name>mesquite.pairwise</name>
      </package>
      <package>
        <name>mesquite.ornamental</name>
      </package>
      <package>
        <name>mesquite.molec</name>
      </package>
      <package>
        <name>mesquite.charMatrices.AddDeleteData</name>
      </package>
      <package>
        <name>mesquite.charMatrices.AlterData</name>
      </package>
      <package>
        <name>mesquite.charMatrices.AnnotPanel</name>
      </package>
      <package>
        <name>mesquite.charMatrices.BasicDataWindowCoord</name>
      </package>
      <package>
        <name>mesquite.charMatrices.BasicDataWindowMaker</name>
      </package>
      <package>
        <name>mesquite.charMatrices.BooleanForCharInfoStrip</name>
      </package>
      <package>
        <name>mesquite.charMatrices.BootstrapResample</name>
      </package>
      <package>
        <name>mesquite.charMatrices.CharGroupColor</name>
      </package>
      <package>
        <name>mesquite.charMatrices.CharMatrixCoordIndep</name>
      </package>
      <package>
        <name>mesquite.charMatrices.CharMatrixCoordObed</name>
      </package>
      <package>
        <name>mesquite.charMatrices.CharReferenceStrip</name>
      </package>
      <package>
        <name>mesquite.charMatrices.CharSelCoordinator</name>
      </package>
      <package>
        <name>mesquite.charMatrices.CharSrcCoordIndep</name>
      </package>
      <package>
        <name>mesquite.charMatrices.CharSrcCoordObed</name>
      </package>
      <package>
        <name>mesquite.charMatrices.WandTaxon</name>
      </package>
      <package>
        <name>mesquite.charMatrices.WandChar</name>
      </package>
      <package>
        <name>mesquite.charMatrices.Wand</name>
      </package>
      <package>
        <name>mesquite.charMatrices.TaxonGroupColor</name>
      </package>
      <package>
        <name>mesquite.charMatrices.StoredMatrices</name>
      </package>
      <package>
        <name>mesquite.charMatrices.StoredCharacters</name>
      </package>
      <package>
        <name>mesquite.charMatrices.SprinkleMissing</name>
      </package>
      <package>
        <name>mesquite.charMatrices.SortTaxa</name>
      </package>
      <package>
        <name>mesquite.charMatrices.SortsManagerChar</name>
      </package>
      <package>
        <name>mesquite.charMatrices.SortsInCharList</name>
      </package>
      <package>
        <name>mesquite.charMatrices.SortChar</name>
      </package>
      <package>
        <name>mesquite.charMatrices.ShuffleStates</name>
      </package>
      <package>
        <name>mesquite.charMatrices.SelectVariableCharacters</name>
      </package>
      <package>
        <name>mesquite.charMatrices.SelectSameVert</name>
      </package>
      <package>
        <name>mesquite.charMatrices.SelectSame</name>
      </package>
      <package>
        <name>mesquite.charMatrices.SelectRndCharacters</name>
      </package>
      <package>
        <name>mesquite.charMatrices.SelectMatchingTaxa</name>
      </package>
      <package>
        <name>mesquite.charMatrices.SelectDiffering</name>
      </package>
      <package>
        <name>mesquite.charMatrices.SelectCharsWithProbP</name>
      </package>
      <package>
        <name>mesquite.charMatrices.SearchSelect</name>
      </package>
      <package>
        <name>mesquite.charMatrices.ColorByCharValue</name>
      </package>
      <package>
        <name>mesquite.charMatrices.ColorByExcluded</name>
      </package>
      <package>
        <name>mesquite.charMatrices.ColorByFootnote</name>
      </package>
      <package>
        <name>mesquite.charMatrices.ColorByState</name>
      </package>
      <package>
        <name>mesquite.charMatrices.ColorByTaxonValue</name>
      </package>
      <package>
        <name>mesquite.charMatrices.ColorCells</name>
      </package>
      <package>
        <name>mesquite.charMatrices.ConcatRespMatrices</name>
      </package>
      <package>
        <name>mesquite.charMatrices.ConcatenateMatrices</name>
      </package>
      <package>
        <name>mesquite.charMatrices.CompareMatrices</name>
      </package>
      <package>
        <name>mesquite.charMatrices.DataPainter</name>
      </package>
      <package>
        <name>mesquite.charMatrices.DifferenceInNumsForChar</name>
      </package>
      <package>
        <name>mesquite.charMatrices.Fill</name>
      </package>
      <package>
        <name>mesquite.charMatrices.IncludedCharBoolean</name>
      </package>
      <package>
        <name>mesquite.charMatrices.ManageAssumptionsBlock</name>
      </package>
      <package>
        <name>mesquite.charMatrices.ManageCharacters</name>
      </package>
      <package>
        <name>mesquite.charMatrices.ManageCharInclusion</name>
      </package>
      <package>
        <name>mesquite.charMatrices.ManageCharModels</name>
      </package>
      <package>
        <name>mesquite.charMatrices.ManageCharPartitions</name>
      </package>
      <package>
        <name>mesquite.charMatrices.ManageCharsets</name>
      </package>
      <package>
        <name>mesquite.charMatrices.ManageCharWeights</name>
      </package>
      <package>
        <name>mesquite.charMatrices.ManageCodonPositions</name>
      </package>
      <package>
        <name>mesquite.charMatrices.ManageCodonsBlock</name>
      </package>
      <package>
        <name>mesquite.charMatrices.ManageDATAblock</name>
      </package>
      <package>
        <name>mesquite.charMatrices.MatrixFromClipboard</name>
      </package>
      <package>
        <name>mesquite.charMatrices.MatrixInfoTool</name>
      </package>
      <package>
        <name>mesquite.charMatrices.MatrixSelection</name>
      </package>
      <package>
        <name>mesquite.charMatrices.NoColor</name>
      </package>
      <package>
        <name>mesquite.charMatrices.NumApplicableNonMissing</name>
      </package>
      <package>
        <name>mesquite.charMatrices.NumForCharWithChar</name>
      </package>
      <package>
        <name>mesquite.charMatrices.PercentGaps</name>
      </package>
      <package>
        <name>mesquite.charMatrices.PercentMissing</name>
      </package>
      <package>
        <name>mesquite.charMatrices.QuickKeySelector</name>
      </package>
      <package>
        <name>mesquite.charMatrices.RandomFillCateg</name>
      </package>
      <package>
        <name>mesquite.charMatrices.RandomFillWithMissing</name>
      </package>
      <package>
        <name>mesquite.charMatrices.RandomModifMatrix</name>
      </package>
      <package>
        <name>mesquite.charMatrices.RandomModRespMatrices</name>
      </package>
      <package>
        <name>mesquite.charMatrices.RarefyMatrix</name>
      </package>
      <package>
        <name>mesquite.charMatrices.RecodeCateg</name>
      </package>
      <package>
        <name>mesquite.charMatrices.ReshuffleCharacter</name>
      </package>
      <package>
        <name>mesquite.charMatrices.SearchData</name>
      </package>
      <package>
        <name>mesquite.charMatrices.SaveMatrixCopies</name>
      </package>
      <package>
        <name>mesquite.charMatrices.ReshuffleWTaxaByPart</name>
      </package>
      <package>
        <name>mesquite.charMatrices.ReshuffleWithinTaxa</name>
      </package>
      <package>
        <name>mesquite.charMatrices.ReshuffleMatrixByPart</name>
      </package>
      <package>
        <name>mesquite.charMatrices.ReshuffleMatrix</name>
      </package>
      <package>
        <name>mesquite.trees.MultiTreeWindowMaker</name>
      </package>
      <package>
        <name>mesquite.trees.MirrorTreeWindowMaker</name>
      </package>
      <package>
        <name>mesquite.trees.ValuesAtNodes</name>
      </package>
      <package>
        <name>mesquite.trees.UtilityCoordinator</name>
      </package>
      <package>
        <name>mesquite.trees.Ultrametricize</name>
      </package>
      <package>
        <name>mesquite.trees.TreeValueUsingMatrix</name>
      </package>
      <package>
        <name>mesquite.trees.TreeOfContext</name>
      </package>
      <package>
        <name>mesquite.trees.TreeNotesMaker</name>
      </package>
      <package>
        <name>mesquite.trees.TreeLegendMaker</name>
      </package>
      <package>
        <name>mesquite.trees.TreeInfoValues</name>
      </package>
      <package>
        <name>mesquite.trees.StoredTrees</name>
      </package>
      <package>
        <name>mesquite.trees.StoredTreeBlocks</name>
      </package>
      <package>
        <name>mesquite.trees.SquareTree</name>
      </package>
      <package>
        <name>mesquite.trees.SimulateTree</name>
      </package>
      <package>
        <name>mesquite.trees.SimulatedTreeBlocks</name>
      </package>
      <package>
        <name>mesquite.trees.ShadeNumbersOnTree</name>
      </package>
      <package>
        <name>mesquite.trees.SetTreeDefaults</name>
      </package>
      <package>
        <name>mesquite.trees.SetToUnrooted</name>
      </package>
      <package>
        <name>mesquite.trees.SetToRooted</name>
      </package>
      <package>
        <name>mesquite.trees.SetToLadderized</name>
      </package>
      <package>
        <name>mesquite.trees.SetSelBranchLengths</name>
      </package>
      <package>
        <name>mesquite.trees.SetBranchLengthsIfLessThan</name>
      </package>
      <package>
        <name>mesquite.trees.SetBranchLengthsFromNames</name>
      </package>
      <package>
        <name>mesquite.trees.SetBranchLengths</name>
      </package>
      <package>
        <name>mesquite.trees.SetAssumptionSoft</name>
      </package>
      <package>
        <name>mesquite.trees.SetAssumptionHard</name>
      </package>
      <package>
        <name>mesquite.trees.SetAssumptionDefault</name>
      </package>
      <package>
        <name>mesquite.trees.SelectTaxaInClade</name>
      </package>
      <package>
        <name>mesquite.trees.SelectBranches</name>
      </package>
      <package>
        <name>mesquite.trees.SearchTreeToolAssistant</name>
      </package>
      <package>
        <name>mesquite.trees.SearchForBetterTree</name>
      </package>
      <package>
        <name>mesquite.trees.ScaleSelBranchLengths</name>
      </package>
      <package>
        <name>mesquite.trees.ScaleBranchLengths</name>
      </package>
      <package>
        <name>mesquite.trees.SampleManyTreesFromFile</name>
      </package>
      <package>
        <name>mesquite.trees.ResolvePolytomiesToZero</name>
      </package>
      <package>
        <name>mesquite.trees.RemoveTaxaFromTree</name>
      </package>
      <package>
        <name>mesquite.trees.OtherTreeBlocks</name>
      </package>
      <package>
        <name>mesquite.trees.ObedientTreeWindow</name>
      </package>
      <package>
        <name>mesquite.trees.NumsForNodesBrLengths</name>
      </package>
      <package>
        <name>mesquite.trees.NumForTreeWithChar</name>
      </package>
      <package>
        <name>mesquite.trees.NumForTreeWith2Chars</name>
      </package>
      <package>
        <name>mesquite.trees.NumForTreeSelNodeValue</name>
      </package>
      <package>
        <name>mesquite.trees.NumForTreeCladeValue</name>
      </package>
      <package>
        <name>mesquite.trees.NumForNodesWithMat</name>
      </package>
      <package>
        <name>mesquite.trees.NumForNodesWithCharHist</name>
      </package>
      <package>
        <name>mesquite.trees.NumForNodesWithChar</name>
      </package>
      <package>
        <name>mesquite.trees.NumForMatCurrentTree</name>
      </package>
      <package>
        <name>mesquite.trees.NumForCharRespTree</name>
      </package>
      <package>
        <name>mesquite.trees.NumForCharOnTree</name>
      </package>
      <package>
        <name>mesquite.trees.NumForCharCurrentTree</name>
      </package>
      <package>
        <name>mesquite.trees.NumFor2CharCurrentTree</name>
      </package>
      <package>
        <name>mesquite.trees.NumberOfTaxa</name>
      </package>
      <package>
        <name>mesquite.trees.NodeNamer</name>
      </package>
      <package>
        <name>mesquite.trees.NodeLocsStandard</name>
      </package>
      <package>
        <name>mesquite.trees.NegativeToZeroBL</name>
      </package>
      <package>
        <name>mesquite.trees.ManyTreesFromFile</name>
      </package>
      <package>
        <name>mesquite.trees.ManageTrees</name>
      </package>
      <package>
        <name>mesquite.trees.ListedTreeBlocks</name>
      </package>
      <package>
        <name>mesquite.trees.LabelBranchLengths</name>
      </package>
      <package>
        <name>mesquite.trees.EquiprobableTrees</name>
      </package>
      <package>
        <name>mesquite.trees.EqualRatesMarkovSp</name>
      </package>
      <package>
        <name>mesquite.trees.DifferenceInNumsForTree</name>
      </package>
      <package>
        <name>mesquite.trees.DiagonalDrawTree</name>
      </package>
      <package>
        <name>mesquite.trees.DependentTreeWindow</name>
      </package>
      <package>
        <name>mesquite.trees.DefiniteTreeSource</name>
      </package>
      <package>
        <name>mesquite.trees.DefaultTrees</name>
      </package>
      <package>
        <name>mesquite.trees.DeassignBranchLengths</name>
      </package>
      <package>
        <name>mesquite.trees.ColorBranches</name>
      </package>
      <package>
        <name>mesquite.trees.CollapseZeroToPolys</name>
      </package>
      <package>
        <name>mesquite.trees.ClearBranchNames</name>
      </package>
      <package>
        <name>mesquite.trees.BranchLengthsAdjust</name>
      </package>
      <package>
        <name>mesquite.trees.BranchLengthFromRoot</name>
      </package>
      <package>
        <name>mesquite.trees.BranchInfo</name>
      </package>
      <package>
        <name>mesquite.trees.BooleanTreeValue</name>
      </package>
      <package>
        <name>mesquite.trees.BasicTreeWindowMaker</name>
      </package>
      <package>
        <name>mesquite.trees.BasicTreeWindowCoord</name>
      </package>
      <package>
        <name>mesquite.trees.BasicTreeDrawCoordinator</name>
      </package>
      <package>
        <name>mesquite.trees.BasicDrawTaxonNames</name>
      </package>
      <package>
        <name>mesquite.trees.BallsNSticks</name>
      </package>
      <package>
        <name>mesquite.trees.AverageTreeValue</name>
      </package>
      <package>
        <name>mesquite.trees.ArcTree</name>
      </package>
      <package>
        <name>mesquite.trees.AlterTrees</name>
      </package>
      <package>
        <name>mesquite.trees.AlterLengths</name>
      </package>
      <package>
        <name>mesquite.trees.AllUnassignBrLengths1</name>
      </package>
      <package>
        <name>mesquite.trees.AllBranchLengthsOne</name>
      </package>
      <package>
        <name>mesquite.trees.AddTaxaToTree</name>
      </package>
    </hiddenPackages>
    <hiddenMenuItems/>
    <hiddenTools/>
  </simplicitySettings>
</mesquite>
